{
  "id": "3359680",
  "name": "Smartisan商城",
  "font_family": "iconfont",
  "css_prefix_text": "icon-",
  "description": "",
  "glyphs": [
    {
      "icon_id": "162881",
      "name": "全部订单",
      "font_class": "quanbudingdan",
      "unicode": "e600",
      "unicode_decimal": 58880
    },
    {
      "icon_id": "201096",
      "name": "3.1待付款",
      "font_class": "31daifukuan",
      "unicode": "e601",
      "unicode_decimal": 58881
    },
    {
      "icon_id": "201638",
      "name": "编辑",
      "font_class": "bianji",
      "unicode": "e602",
      "unicode_decimal": 58882
    },
    {
      "icon_id": "450266",
      "name": "待评价 2.0",
      "font_class": "daipingjia20",
      "unicode": "e63d",
      "unicode_decimal": 58941
    },
    {
      "icon_id": "577402",
      "name": "向右1",
      "font_class": "xiangyou1",
      "unicode": "e775",
      "unicode_decimal": 59253
    },
    {
      "icon_id": "797083",
      "name": "购物袋",
      "font_class": "gouwudai",
      "unicode": "e65a",
      "unicode_decimal": 58970
    },
    {
      "icon_id": "6172052",
      "name": "待收货",
      "font_class": "daishouhuo",
      "unicode": "e62f",
      "unicode_decimal": 58927
    },
    {
      "icon_id": "6682547",
      "name": "返回",
      "font_class": "fanhui",
      "unicode": "e608",
      "unicode_decimal": 58888
    },
    {
      "icon_id": "7662738",
      "name": "售后",
      "font_class": "shouhou",
      "unicode": "e603",
      "unicode_decimal": 58883
    },
    {
      "icon_id": "10291983",
      "name": "待收货",
      "font_class": "daishouhuo1",
      "unicode": "e612",
      "unicode_decimal": 58898
    },
    {
      "icon_id": "13744016",
      "name": "smartisan-fill-round",
      "font_class": "smartisan-fill-round",
      "unicode": "e695",
      "unicode_decimal": 59029
    },
    {
      "icon_id": "29272807",
      "name": "收藏",
      "font_class": "shoucang",
      "unicode": "e619",
      "unicode_decimal": 58905
    },
    {
      "icon_id": "29272810",
      "name": "删除",
      "font_class": "shanchu",
      "unicode": "e61a",
      "unicode_decimal": 58906
    },
    {
      "icon_id": "29272811",
      "name": "分类",
      "font_class": "fenlei",
      "unicode": "e618",
      "unicode_decimal": 58904
    },
    {
      "icon_id": "29272812",
      "name": "首页",
      "font_class": "shouye",
      "unicode": "e61b",
      "unicode_decimal": 58907
    },
    {
      "icon_id": "29272814",
      "name": "添加",
      "font_class": "tianjia",
      "unicode": "e61c",
      "unicode_decimal": 58908
    },
    {
      "icon_id": "29272817",
      "name": "搜索",
      "font_class": "sousuo",
      "unicode": "e61d",
      "unicode_decimal": 58909
    },
    {
      "icon_id": "29272819",
      "name": "我的1",
      "font_class": "wode1",
      "unicode": "e61e",
      "unicode_decimal": 58910
    }
  ]
}
